{
    "MAE": 31568.95657738931,
    "MSE": 2366893912.234476,
    "RMSE": 48650.73393315332,
    "R2": 0.8193774652389968
}